assay_id,reading_id,sample_date,result_date,assay_cu_grade
1,1502,2025-01-15 06:01:00,2025-01-17 06:01:00,0.733
2,2587,2025-01-06 13:30:00,2025-01-11 13:30:00,0.7402
3,2654,2025-03-27 11:16:00,2025-03-31 11:16:00,0.8058
4,1056,2025-01-17 17:02:00,2025-01-22 17:02:00,0.7162
5,706,2025-03-31 19:31:00,2025-04-05 19:31:00,1.2059
6,107,2025-02-08 02:15:00,2025-02-13 02:15:00,1.0731
7,590,2025-03-19 06:49:00,2025-03-21 06:49:00,0.6229
8,2469,2025-03-29 17:47:00,2025-03-31 17:47:00,0.8352
9,2414,2025-02-25 10:01:00,2025-02-28 10:01:00,0.8541
10,1601,2025-03-11 10:01:00,2025-03-14 10:01:00,0.9127
11,2465,2025-03-26 11:48:00,2025-03-29 11:48:00,0.5458
12,229,2025-02-19 15:02:00,2025-02-22 15:02:00,0.8402
13,916,2025-02-04 06:21:00,2025-02-07 06:21:00,1.0008
14,795,2025-01-31 06:37:00,2025-02-04 06:37:00,0.6338
15,3022,2025-03-19 18:16:00,2025-03-24 18:16:00,1.417
16,3544,2025-03-15 09:01:00,2025-03-20 09:01:00,0.8853
17,1074,2025-03-04 14:56:00,2025-03-07 14:56:00,0.4283
18,3352,2025-01-11 22:34:00,2025-01-14 22:34:00,0.3043
19,1745,2025-01-17 09:03:00,2025-01-19 09:03:00,0.6046
20,1085,2025-03-30 12:55:00,2025-04-02 12:55:00,0.8274
21,927,2025-03-22 02:24:00,2025-03-27 02:24:00,0.5825
22,3050,2025-02-25 02:23:00,2025-02-28 02:23:00,0.9204
23,1118,2025-03-24 06:56:00,2025-03-27 06:56:00,0.5744
24,643,2025-03-18 01:56:00,2025-03-23 01:56:00,0.6548
25,4768,2025-03-05 06:44:00,2025-03-09 06:44:00,1.0703
26,502,2025-03-10 11:56:00,2025-03-12 11:56:00,0.8945
27,4067,2025-02-28 01:45:00,2025-03-05 01:45:00,0.9252
28,334,2025-02-10 13:02:00,2025-02-12 13:02:00,0.7812
29,4685,2025-02-19 13:36:00,2025-02-22 13:36:00,1.0597
30,487,2025-02-06 09:15:00,2025-02-11 09:15:00,1.0585
31,1963,2025-01-12 05:16:00,2025-01-17 05:16:00,0.8008
32,394,2025-02-28 18:47:00,2025-03-04 18:47:00,1.0774
33,4843,2025-02-10 09:18:00,2025-02-14 09:18:00,0.6651
34,4867,2025-01-18 05:54:00,2025-01-23 05:54:00,1.1566
35,1756,2025-02-28 18:36:00,2025-03-03 18:36:00,1.1157
36,2516,2025-02-02 18:51:00,2025-02-04 18:51:00,0.5311
37,3586,2025-02-24 09:08:00,2025-02-28 09:08:00,0.723
38,4316,2025-02-13 15:57:00,2025-02-17 15:57:00,0.5118
39,4967,2025-03-05 08:23:00,2025-03-09 08:23:00,1.0266
40,2100,2025-02-01 02:39:00,2025-02-06 02:39:00,0.1378
41,3600,2025-02-08 19:28:00,2025-02-12 19:28:00,1.2964
42,4122,2025-03-21 17:11:00,2025-03-26 17:11:00,0.8022
43,30,2025-02-22 14:55:00,2025-02-27 14:55:00,0.9276
44,66,2025-01-22 21:05:00,2025-01-26 21:05:00,0.4648
45,839,2025-03-01 10:35:00,2025-03-06 10:35:00,1.1377
46,3907,2025-03-25 21:34:00,2025-03-30 21:34:00,0.8912
47,3774,2025-02-17 09:27:00,2025-02-19 09:27:00,0.862
48,4636,2025-01-07 17:34:00,2025-01-09 17:34:00,1.2281
49,3162,2025-03-09 13:00:00,2025-03-13 13:00:00,0.7622
50,2660,2025-03-16 22:08:00,2025-03-20 22:08:00,0.8103
51,4616,2025-03-22 02:28:00,2025-03-24 02:28:00,0.8014
52,4629,2025-03-25 07:57:00,2025-03-28 07:57:00,0.6537
53,2452,2025-01-06 17:37:00,2025-01-11 17:37:00,0.5797
54,2847,2025-01-08 15:51:00,2025-01-13 15:51:00,0.911
55,1145,2025-03-17 01:31:00,2025-03-22 01:31:00,0.6785
56,3079,2025-03-13 15:09:00,2025-03-17 15:09:00,0.8191
57,1104,2025-01-29 15:16:00,2025-02-02 15:16:00,1.2165
58,169,2025-03-26 16:19:00,2025-03-30 16:19:00,0.61
59,1671,2025-01-16 14:56:00,2025-01-19 14:56:00,1.0361
60,2571,2025-01-23 01:16:00,2025-01-28 01:16:00,0.6777
61,2378,2025-03-24 10:14:00,2025-03-27 10:14:00,0.7191
62,4396,2025-04-01 17:54:00,2025-04-04 17:54:00,0.3261
63,4258,2025-03-21 14:33:00,2025-03-26 14:33:00,0.7596
64,3863,2025-03-05 07:33:00,2025-03-07 07:33:00,1.2949
65,24,2025-03-09 19:27:00,2025-03-13 19:27:00,0.7075
66,2634,2025-03-10 00:06:00,2025-03-15 00:06:00,1.122
67,3341,2025-01-01 13:59:00,2025-01-03 13:59:00,0.7657
68,2216,2025-02-26 15:27:00,2025-03-02 15:27:00,0.4134
69,3683,2025-03-19 17:27:00,2025-03-24 17:27:00,1.1138
70,4725,2025-01-05 14:48:00,2025-01-09 14:48:00,0.7475
71,1908,2025-03-09 19:49:00,2025-03-12 19:49:00,0.5251
72,85,2025-02-01 06:53:00,2025-02-05 06:53:00,0.7664
73,228,2025-03-09 11:04:00,2025-03-13 11:04:00,0.7372
74,297,2025-02-04 06:51:00,2025-02-07 06:51:00,0.9789
75,1002,2025-03-04 03:36:00,2025-03-06 03:36:00,0.6703
76,2139,2025-01-23 12:02:00,2025-01-25 12:02:00,0.6942
77,712,2025-01-05 06:29:00,2025-01-09 06:29:00,0.7457
78,2802,2025-01-31 00:29:00,2025-02-03 00:29:00,0.7749
79,2528,2025-03-17 23:22:00,2025-03-19 23:22:00,0.5531
80,3753,2025-02-12 09:25:00,2025-02-17 09:25:00,0.6624
81,3322,2025-02-11 06:49:00,2025-02-16 06:49:00,0.6736
82,3182,2025-02-26 21:43:00,2025-03-02 21:43:00,0.6957
83,4184,2025-02-01 20:57:00,2025-02-06 20:57:00,0.9977
84,1616,2025-02-07 04:38:00,2025-02-09 04:38:00,0.7768
85,3025,2025-03-29 22:21:00,2025-04-02 22:21:00,0.5257
86,1414,2025-01-14 16:56:00,2025-01-17 16:56:00,1.1652
87,764,2025-02-18 16:45:00,2025-02-20 16:45:00,1.3017
88,656,2025-03-19 01:46:00,2025-03-22 01:46:00,0.8161
89,4798,2025-02-27 08:34:00,2025-03-03 08:34:00,0.8912
90,3850,2025-02-25 19:44:00,2025-02-27 19:44:00,0.9913
91,4154,2025-03-30 08:33:00,2025-04-01 08:33:00,0.4852
92,469,2025-03-05 17:19:00,2025-03-09 17:19:00,0.5719
93,158,2025-03-05 03:06:00,2025-03-07 03:06:00,1.1272
94,1296,2025-01-04 19:07:00,2025-01-08 19:07:00,1.1398
95,498,2025-01-26 20:09:00,2025-01-31 20:09:00,0.5973
96,4741,2025-01-29 14:39:00,2025-02-02 14:39:00,1.028
97,2941,2025-01-18 21:00:00,2025-01-20 21:00:00,0.2626
98,3457,2025-03-06 22:02:00,2025-03-09 22:02:00,0.6845
99,374,2025-03-14 20:43:00,2025-03-17 20:43:00,0.8887
100,80,2025-02-13 21:43:00,2025-02-17 21:43:00,0.5405
101,1554,2025-03-28 11:56:00,2025-04-01 11:56:00,0.5548
102,1670,2025-02-26 16:08:00,2025-02-28 16:08:00,0.9797
103,2132,2025-03-22 03:29:00,2025-03-24 03:29:00,0.9978
104,4440,2025-01-01 08:23:00,2025-01-05 08:23:00,0.9781
105,466,2025-01-08 07:36:00,2025-01-11 07:36:00,0.694
106,249,2025-01-21 22:45:00,2025-01-24 22:45:00,0.5798
107,932,2025-03-16 22:13:00,2025-03-19 22:13:00,1.0597
108,1336,2025-01-05 02:07:00,2025-01-10 02:07:00,0.6737
109,4525,2025-01-02 06:04:00,2025-01-07 06:04:00,0.8002
110,1339,2025-02-15 19:34:00,2025-02-20 19:34:00,0.9637
111,1407,2025-02-20 21:38:00,2025-02-23 21:38:00,1.2708
112,1091,2025-01-26 09:36:00,2025-01-29 09:36:00,0.8398
113,4210,2025-02-18 16:54:00,2025-02-23 16:54:00,0.6991
114,743,2025-01-18 08:23:00,2025-01-20 08:23:00,0.908
115,2324,2025-03-10 23:40:00,2025-03-14 23:40:00,0.4962
116,3602,2025-02-25 14:40:00,2025-02-28 14:40:00,1.0558
117,2124,2025-02-09 07:48:00,2025-02-12 07:48:00,0.9
118,2095,2025-01-15 01:24:00,2025-01-18 01:24:00,0.7545
119,241,2025-03-23 12:23:00,2025-03-25 12:23:00,0.8029
120,2352,2025-01-23 09:32:00,2025-01-25 09:32:00,0.9941
121,1371,2025-02-23 23:21:00,2025-02-28 23:21:00,1.0038
122,1058,2025-01-06 04:31:00,2025-01-08 04:31:00,1.0255
123,4817,2025-03-25 14:58:00,2025-03-27 14:58:00,0.7895
124,200,2025-03-17 01:22:00,2025-03-22 01:22:00,0.7892
125,2281,2025-02-10 07:19:00,2025-02-12 07:19:00,0.5769
126,4750,2025-03-14 18:43:00,2025-03-16 18:43:00,0.864
127,2221,2025-01-21 01:16:00,2025-01-25 01:16:00,0.5203
128,4772,2025-02-03 11:02:00,2025-02-06 11:02:00,0.9914
129,2820,2025-01-22 01:12:00,2025-01-25 01:12:00,0.7684
130,3151,2025-01-19 04:15:00,2025-01-21 04:15:00,0.7716
131,4257,2025-02-03 09:12:00,2025-02-07 09:12:00,0.916
132,3108,2025-01-26 12:38:00,2025-01-30 12:38:00,0.6059
133,1974,2025-03-03 21:45:00,2025-03-08 21:45:00,0.9673
134,1376,2025-02-24 07:39:00,2025-02-28 07:39:00,1.2834
135,3969,2025-01-23 01:40:00,2025-01-28 01:40:00,0.2744
136,4063,2025-01-20 21:05:00,2025-01-24 21:05:00,0.7571
137,4446,2025-01-21 22:21:00,2025-01-23 22:21:00,0.7505
138,3558,2025-03-30 15:51:00,2025-04-03 15:51:00,1.0786
139,965,2025-03-02 22:52:00,2025-03-05 22:52:00,1.1456
140,180,2025-03-13 11:07:00,2025-03-18 11:07:00,0.9048
141,3699,2025-03-01 17:59:00,2025-03-03 17:59:00,1.1936
142,3822,2025-03-24 12:05:00,2025-03-27 12:05:00,0.7545
143,4879,2025-02-17 18:59:00,2025-02-21 18:59:00,1.0311
144,3900,2025-02-16 07:11:00,2025-02-21 07:11:00,0.8696
145,4488,2025-01-07 06:08:00,2025-01-09 06:08:00,1.0589
146,3239,2025-01-05 18:14:00,2025-01-07 18:14:00,1.1317
147,2975,2025-03-04 00:35:00,2025-03-08 00:35:00,0.4099
148,3581,2025-02-25 13:06:00,2025-02-28 13:06:00,0.9151
149,2888,2025-02-01 06:19:00,2025-02-05 06:19:00,0.8924
150,2576,2025-02-11 13:11:00,2025-02-14 13:11:00,1.4111
151,1420,2025-01-10 00:55:00,2025-01-12 00:55:00,1.4054
152,3908,2025-02-17 02:48:00,2025-02-21 02:48:00,0.8623
153,4674,2025-03-28 13:50:00,2025-03-30 13:50:00,0.9236
154,4903,2025-03-26 13:56:00,2025-03-31 13:56:00,1.0274
155,1861,2025-01-03 04:49:00,2025-01-08 04:49:00,1.1004
156,9,2025-01-21 11:22:00,2025-01-25 11:22:00,0.6179
157,2895,2025-03-20 08:27:00,2025-03-22 08:27:00,0.3913
158,2848,2025-03-27 00:04:00,2025-03-30 00:04:00,1.2653
159,3665,2025-01-23 17:09:00,2025-01-25 17:09:00,0.5162
160,145,2025-03-03 03:15:00,2025-03-08 03:15:00,0.9444
161,2105,2025-03-02 05:00:00,2025-03-04 05:00:00,0.6059
162,3144,2025-01-11 15:26:00,2025-01-13 15:26:00,0.5866
163,842,2025-02-27 17:18:00,2025-03-02 17:18:00,0.6298
164,1129,2025-02-21 18:35:00,2025-02-24 18:35:00,1.0697
165,152,2025-03-03 09:47:00,2025-03-05 09:47:00,0.9873
166,3592,2025-01-10 08:20:00,2025-01-15 08:20:00,1.0424
167,1053,2025-02-24 23:38:00,2025-03-01 23:38:00,0.583
168,1591,2025-03-28 15:20:00,2025-04-01 15:20:00,1.0969
169,3009,2025-02-28 09:17:00,2025-03-04 09:17:00,1.374
170,2030,2025-03-21 18:26:00,2025-03-24 18:26:00,1.0802
171,3419,2025-01-16 05:03:00,2025-01-21 05:03:00,1.1174
172,1808,2025-03-21 16:05:00,2025-03-23 16:05:00,1.0414
173,2697,2025-04-01 10:26:00,2025-04-05 10:26:00,0.8885
174,3040,2025-03-22 21:20:00,2025-03-27 21:20:00,0.523
175,473,2025-02-08 10:08:00,2025-02-11 10:08:00,1.2985
176,3290,2025-03-12 14:01:00,2025-03-15 14:01:00,0.9094
177,4075,2025-01-27 01:06:00,2025-01-29 01:06:00,0.9143
178,3497,2025-01-20 17:17:00,2025-01-24 17:17:00,1.0975
179,280,2025-01-03 14:20:00,2025-01-06 14:20:00,0.9788
180,1742,2025-03-01 02:07:00,2025-03-03 02:07:00,0.7821
181,4625,2025-01-02 23:44:00,2025-01-05 23:44:00,1.154
182,2887,2025-01-24 06:53:00,2025-01-29 06:53:00,1.0289
183,1942,2025-02-19 03:54:00,2025-02-23 03:54:00,0.4038
184,101,2025-03-10 22:11:00,2025-03-13 22:11:00,0.9518
185,2805,2025-01-15 09:49:00,2025-01-17 09:49:00,1.0621
186,3571,2025-02-15 23:57:00,2025-02-18 23:57:00,0.1083
187,3685,2025-02-10 04:28:00,2025-02-15 04:28:00,0.503
188,3662,2025-01-14 00:00:00,2025-01-19 00:00:00,0.7144
189,531,2025-01-26 10:26:00,2025-01-31 10:26:00,1.0476
190,1887,2025-01-23 16:09:00,2025-01-27 16:09:00,0.6968
191,682,2025-01-18 20:33:00,2025-01-23 20:33:00,0.8632
192,3795,2025-02-02 12:15:00,2025-02-04 12:15:00,0.9438
193,3945,2025-02-13 03:28:00,2025-02-16 03:28:00,1.0176
194,4667,2025-02-02 02:23:00,2025-02-05 02:23:00,0.706
195,2019,2025-01-09 02:01:00,2025-01-12 02:01:00,0.9725
196,1097,2025-03-06 07:37:00,2025-03-11 07:37:00,1.3674
197,830,2025-03-01 18:08:00,2025-03-03 18:08:00,0.6039
198,2806,2025-02-22 07:42:00,2025-02-27 07:42:00,1.0355
199,3830,2025-02-09 16:27:00,2025-02-13 16:27:00,1.0657
200,4382,2025-03-03 19:24:00,2025-03-07 19:24:00,0.5592
201,3892,2025-01-17 20:24:00,2025-01-19 20:24:00,0.8828
202,765,2025-01-26 16:29:00,2025-01-31 16:29:00,0.7321
203,2768,2025-04-01 06:44:00,2025-04-04 06:44:00,0.8197
204,4329,2025-03-30 22:17:00,2025-04-03 22:17:00,0.7621
205,3296,2025-02-25 23:45:00,2025-03-02 23:45:00,0.7961
206,2195,2025-01-23 09:35:00,2025-01-27 09:35:00,0.9104
207,2358,2025-03-19 19:35:00,2025-03-23 19:35:00,0.9006
208,3426,2025-03-13 03:45:00,2025-03-17 03:45:00,0.5397
209,3980,2025-03-08 19:23:00,2025-03-11 19:23:00,0.873
210,912,2025-03-16 10:26:00,2025-03-21 10:26:00,0.78
211,3146,2025-03-07 12:54:00,2025-03-12 12:54:00,0.7834
212,1000,2025-01-16 12:28:00,2025-01-19 12:28:00,0.8173
213,3654,2025-03-11 19:45:00,2025-03-13 19:45:00,1.1188
214,2484,2025-03-09 03:44:00,2025-03-12 03:44:00,0.6129
215,4077,2025-02-18 11:27:00,2025-02-23 11:27:00,0.6856
216,2371,2025-01-14 11:15:00,2025-01-19 11:15:00,0.9604
217,4839,2025-01-06 21:36:00,2025-01-08 21:36:00,0.6113
218,34,2025-03-04 15:13:00,2025-03-07 15:13:00,0.7772
219,3790,2025-01-05 23:44:00,2025-01-10 23:44:00,0.7332
220,1021,2025-01-27 13:17:00,2025-01-31 13:17:00,0.6867
221,1648,2025-02-04 06:53:00,2025-02-06 06:53:00,0.5745
222,734,2025-03-09 21:15:00,2025-03-11 21:15:00,1.2635
223,4583,2025-03-20 08:24:00,2025-03-22 08:24:00,1.0435
224,3275,2025-03-30 14:02:00,2025-04-03 14:02:00,0.9564
225,1621,2025-02-09 23:35:00,2025-02-14 23:35:00,0.8786
226,3136,2025-01-11 04:35:00,2025-01-16 04:35:00,0.7779
227,2690,2025-02-19 19:11:00,2025-02-21 19:11:00,0.9889
228,2708,2025-03-17 17:36:00,2025-03-22 17:36:00,0.6743
229,298,2025-01-24 00:47:00,2025-01-26 00:47:00,1.0987
230,2340,2025-01-18 01:33:00,2025-01-22 01:33:00,1.049
231,654,2025-03-12 19:44:00,2025-03-17 19:44:00,0.8761
232,3775,2025-01-01 17:58:00,2025-01-03 17:58:00,1.011
233,1256,2025-03-22 22:24:00,2025-03-24 22:24:00,0.9526
234,4521,2025-03-07 16:38:00,2025-03-10 16:38:00,0.8821
235,231,2025-02-12 04:02:00,2025-02-14 04:02:00,1.3114
236,3277,2025-03-24 01:01:00,2025-03-26 01:01:00,0.9522
237,3231,2025-01-12 05:57:00,2025-01-17 05:57:00,0.778
238,692,2025-01-31 21:16:00,2025-02-05 21:16:00,1.3856
239,2755,2025-01-12 11:53:00,2025-01-15 11:53:00,0.7631
240,4864,2025-02-09 23:56:00,2025-02-12 23:56:00,0.8673
241,970,2025-03-29 22:44:00,2025-04-01 22:44:00,1.1551
242,634,2025-01-24 05:23:00,2025-01-28 05:23:00,0.8093
243,4093,2025-03-12 07:30:00,2025-03-15 07:30:00,0.8539
244,4078,2025-03-26 01:26:00,2025-03-29 01:26:00,1.0919
245,1322,2025-01-19 06:13:00,2025-01-22 06:13:00,0.6705
246,1832,2025-03-09 07:47:00,2025-03-11 07:47:00,0.9329
247,2179,2025-02-04 15:07:00,2025-02-08 15:07:00,0.8802
248,1418,2025-03-09 10:38:00,2025-03-13 10:38:00,0.8018
249,1783,2025-01-17 23:09:00,2025-01-21 23:09:00,1.1056
250,4716,2025-04-01 01:36:00,2025-04-05 01:36:00,1.0658
251,4702,2025-02-21 08:16:00,2025-02-23 08:16:00,0.442
252,4119,2025-02-13 02:42:00,2025-02-18 02:42:00,1.0984
253,1653,2025-02-06 10:20:00,2025-02-10 10:20:00,1.1358
254,1484,2025-02-20 00:23:00,2025-02-25 00:23:00,0.9227
255,2276,2025-03-05 17:49:00,2025-03-07 17:49:00,1.1993
256,878,2025-01-24 08:18:00,2025-01-29 08:18:00,0.9508
257,3526,2025-01-24 03:59:00,2025-01-28 03:59:00,1.1056
258,2017,2025-01-20 13:20:00,2025-01-23 13:20:00,0.557
259,427,2025-01-27 04:34:00,2025-01-30 04:34:00,0.682
260,627,2025-03-14 21:55:00,2025-03-16 21:55:00,0.3509
261,1590,2025-02-21 02:02:00,2025-02-24 02:02:00,1.0946
262,2224,2025-03-22 21:20:00,2025-03-24 21:20:00,0.6483
263,2218,2025-02-04 04:09:00,2025-02-07 04:09:00,0.7235
264,4484,2025-03-06 10:18:00,2025-03-10 10:18:00,0.7561
265,1486,2025-03-08 23:38:00,2025-03-11 23:38:00,0.3872
266,1740,2025-03-06 13:11:00,2025-03-11 13:11:00,1.1464
267,2481,2025-01-28 13:30:00,2025-02-01 13:30:00,0.7618
268,2585,2025-02-27 11:33:00,2025-03-04 11:33:00,0.656
269,2894,2025-01-08 04:14:00,2025-01-12 04:14:00,0.8203
270,150,2025-02-16 23:08:00,2025-02-20 23:08:00,1.0633
271,677,2025-01-27 12:37:00,2025-01-29 12:37:00,0.9781
272,1262,2025-01-18 08:20:00,2025-01-20 08:20:00,0.9341
273,4918,2025-02-20 13:47:00,2025-02-23 13:47:00,1.4308
274,13,2025-02-10 06:41:00,2025-02-12 06:41:00,0.7327
275,1834,2025-01-11 01:28:00,2025-01-15 01:28:00,1.0176
276,3249,2025-03-03 14:19:00,2025-03-05 14:19:00,1.1107
277,1492,2025-01-11 18:24:00,2025-01-13 18:24:00,1.0355
278,2728,2025-02-14 20:43:00,2025-02-18 20:43:00,1.1018
279,3687,2025-02-05 06:30:00,2025-02-09 06:30:00,0.7543
280,1425,2025-02-19 02:37:00,2025-02-21 02:37:00,0.7218
281,4606,2025-02-05 01:31:00,2025-02-09 01:31:00,0.4941
282,4596,2025-02-27 00:19:00,2025-03-01 00:19:00,0.6139
283,732,2025-04-01 01:52:00,2025-04-03 01:52:00,0.8185
284,1232,2025-03-29 14:17:00,2025-04-01 14:17:00,0.9753
285,1635,2025-02-05 19:35:00,2025-02-08 19:35:00,0.9103
286,3937,2025-03-16 01:25:00,2025-03-20 01:25:00,1.5726
287,1211,2025-02-26 16:22:00,2025-03-03 16:22:00,1.1099
288,3269,2025-01-22 11:19:00,2025-01-26 11:19:00,0.6125
289,1935,2025-01-23 15:54:00,2025-01-26 15:54:00,0.8733
290,554,2025-02-21 14:17:00,2025-02-24 14:17:00,0.9882
291,492,2025-03-01 08:14:00,2025-03-06 08:14:00,0.5883
292,2963,2025-03-03 10:45:00,2025-03-06 10:45:00,0.3841
293,2330,2025-01-05 03:46:00,2025-01-08 03:46:00,0.8939
294,2196,2025-01-26 19:45:00,2025-01-28 19:45:00,0.9752
295,3065,2025-04-01 07:53:00,2025-04-05 07:53:00,0.6481
296,658,2025-03-08 09:12:00,2025-03-13 09:12:00,0.8472
297,2375,2025-04-01 03:25:00,2025-04-05 03:25:00,0.5858
298,2226,2025-02-12 16:19:00,2025-02-16 16:19:00,0.7578
299,4265,2025-01-05 07:26:00,2025-01-08 07:26:00,1.1243
300,1171,2025-01-17 08:59:00,2025-01-22 08:59:00,1.0336
301,133,2025-03-26 20:09:00,2025-03-28 20:09:00,0.825
302,472,2025-03-09 11:04:00,2025-03-11 11:04:00,0.9931
303,3226,2025-02-02 08:24:00,2025-02-06 08:24:00,0.8196
304,1406,2025-03-14 15:46:00,2025-03-16 15:46:00,0.8015
305,2877,2025-02-27 04:03:00,2025-03-04 04:03:00,1.2025
306,4505,2025-01-08 06:37:00,2025-01-12 06:37:00,0.9008
307,4693,2025-01-10 23:47:00,2025-01-13 23:47:00,0.6695
308,2827,2025-03-02 12:05:00,2025-03-07 12:05:00,0.825
309,288,2025-03-25 08:47:00,2025-03-30 08:47:00,1.0543
310,1870,2025-02-13 14:33:00,2025-02-15 14:33:00,0.7717
311,3115,2025-03-14 02:07:00,2025-03-17 02:07:00,1.0593
312,3626,2025-01-11 21:07:00,2025-01-13 21:07:00,0.9237
313,2313,2025-03-13 19:36:00,2025-03-18 19:36:00,0.9278
314,4924,2025-01-03 13:05:00,2025-01-05 13:05:00,0.9333
315,1619,2025-02-04 10:44:00,2025-02-08 10:44:00,1.0888
316,995,2025-01-19 14:06:00,2025-01-24 14:06:00,0.7079
317,1804,2025-03-23 10:32:00,2025-03-25 10:32:00,0.6795
318,2643,2025-01-19 06:54:00,2025-01-21 06:54:00,1.2213
319,4803,2025-03-20 19:59:00,2025-03-23 19:59:00,1.087
320,3536,2025-03-29 10:28:00,2025-04-02 10:28:00,1.1927
321,4832,2025-03-21 07:18:00,2025-03-24 07:18:00,0.7688
322,3912,2025-01-19 13:15:00,2025-01-22 13:15:00,0.7385
323,2108,2025-03-01 13:11:00,2025-03-04 13:11:00,0.8821
324,3045,2025-03-06 22:07:00,2025-03-11 22:07:00,0.9106
325,417,2025-02-22 19:43:00,2025-02-24 19:43:00,0.6026
326,978,2025-01-26 03:02:00,2025-01-31 03:02:00,0.6748
327,2418,2025-01-16 08:53:00,2025-01-20 08:53:00,0.375
328,506,2025-01-13 07:08:00,2025-01-18 07:08:00,1.1893
329,4153,2025-03-03 22:49:00,2025-03-05 22:49:00,1.0682
330,4256,2025-03-02 23:28:00,2025-03-07 23:28:00,0.8721
331,3942,2025-02-07 11:33:00,2025-02-12 11:33:00,1.1559
332,415,2025-02-08 04:24:00,2025-02-13 04:24:00,0.7343
333,4149,2025-03-18 13:02:00,2025-03-22 13:02:00,1.3814
334,1184,2025-03-26 19:00:00,2025-03-28 19:00:00,0.713
335,486,2025-01-27 06:26:00,2025-01-31 06:26:00,0.886
336,894,2025-03-25 21:33:00,2025-03-27 21:33:00,0.7714
337,806,2025-03-20 07:45:00,2025-03-25 07:45:00,0.7606
338,556,2025-02-23 18:30:00,2025-02-26 18:30:00,0.8348
339,3826,2025-03-13 11:47:00,2025-03-16 11:47:00,1.1153
340,1198,2025-01-04 06:12:00,2025-01-06 06:12:00,0.8066
341,4254,2025-02-08 17:51:00,2025-02-10 17:51:00,1.1031
342,4059,2025-01-08 13:19:00,2025-01-10 13:19:00,0.5565
343,1294,2025-02-10 07:23:00,2025-02-14 07:23:00,0.5072
344,2222,2025-01-22 21:31:00,2025-01-26 21:31:00,0.9686
345,3505,2025-02-06 17:27:00,2025-02-08 17:27:00,1.1989
346,3655,2025-02-19 19:18:00,2025-02-24 19:18:00,0.574
347,4759,2025-01-24 05:46:00,2025-01-27 05:46:00,1.3298
348,3007,2025-01-15 16:20:00,2025-01-18 16:20:00,0.9279
349,2094,2025-02-27 00:28:00,2025-03-01 00:28:00,1.4529
350,2188,2025-01-03 12:36:00,2025-01-08 12:36:00,1.0943
351,3037,2025-01-03 23:50:00,2025-01-06 23:50:00,0.899
352,3919,2025-03-18 12:34:00,2025-03-23 12:34:00,0.9954
353,1273,2025-02-06 12:35:00,2025-02-10 12:35:00,1.454
354,291,2025-03-29 04:00:00,2025-04-03 04:00:00,0.9174
355,4828,2025-01-05 00:33:00,2025-01-07 00:33:00,0.969
356,253,2025-02-27 14:43:00,2025-03-03 14:43:00,0.7388
357,3246,2025-03-24 07:07:00,2025-03-28 07:07:00,0.887
358,351,2025-02-20 02:19:00,2025-02-22 02:19:00,0.6795
359,1188,2025-02-01 04:51:00,2025-02-06 04:51:00,1.1221
360,1962,2025-02-13 05:06:00,2025-02-17 05:06:00,0.7658
361,423,2025-03-14 13:23:00,2025-03-18 13:23:00,0.8933
362,91,2025-02-23 15:06:00,2025-02-27 15:06:00,0.9918
363,3730,2025-03-02 13:16:00,2025-03-05 13:16:00,0.7007
364,2237,2025-02-09 10:06:00,2025-02-13 10:06:00,1.1488
365,671,2025-01-26 07:53:00,2025-01-29 07:53:00,0.8712
366,3041,2025-01-02 21:20:00,2025-01-06 21:20:00,1.2501
367,27,2025-03-22 01:14:00,2025-03-27 01:14:00,0.6605
368,430,2025-01-23 03:00:00,2025-01-25 03:00:00,0.7227
369,684,2025-03-22 03:28:00,2025-03-27 03:28:00,0.8158
370,4464,2025-01-01 21:58:00,2025-01-06 21:58:00,0.5475
371,3946,2025-03-13 02:40:00,2025-03-17 02:40:00,0.8762
372,3524,2025-03-06 08:35:00,2025-03-08 08:35:00,0.8485
373,1542,2025-03-18 09:46:00,2025-03-22 09:46:00,0.3648
374,2032,2025-02-27 13:21:00,2025-03-04 13:21:00,0.601
375,2233,2025-01-22 10:10:00,2025-01-25 10:10:00,0.7079
376,4121,2025-01-13 09:38:00,2025-01-15 09:38:00,0.9147
377,3236,2025-02-16 13:54:00,2025-02-21 13:54:00,0.8786
378,255,2025-03-08 04:19:00,2025-03-12 04:19:00,0.8779
379,1030,2025-01-23 06:17:00,2025-01-28 06:17:00,0.9122
380,4393,2025-03-21 20:32:00,2025-03-24 20:32:00,0.5461
381,3801,2025-02-18 00:20:00,2025-02-21 00:20:00,0.8648
382,4311,2025-01-03 14:33:00,2025-01-08 14:33:00,0.6715
383,2510,2025-01-24 00:20:00,2025-01-26 00:20:00,0.8704
384,2293,2025-01-17 05:47:00,2025-01-20 05:47:00,0.8049
385,1324,2025-01-08 03:22:00,2025-01-13 03:22:00,0.7507
386,1551,2025-02-22 07:42:00,2025-02-24 07:42:00,0.6706
387,4648,2025-01-10 02:41:00,2025-01-13 02:41:00,1.3137
388,316,2025-02-08 14:43:00,2025-02-13 14:43:00,0.4187
389,1243,2025-01-18 15:52:00,2025-01-20 15:52:00,0.7488
390,2451,2025-01-23 02:36:00,2025-01-25 02:36:00,0.7636
391,1579,2025-01-19 20:01:00,2025-01-24 20:01:00,0.4908
392,4626,2025-03-24 00:36:00,2025-03-26 00:36:00,0.6727
393,3117,2025-01-26 14:47:00,2025-01-28 14:47:00,0.8258
394,70,2025-01-14 13:14:00,2025-01-16 13:14:00,1.0462
395,860,2025-03-22 15:37:00,2025-03-25 15:37:00,1.0417
396,2754,2025-02-02 14:29:00,2025-02-07 14:29:00,0.57
397,1633,2025-03-14 21:20:00,2025-03-16 21:20:00,1.007
398,1651,2025-03-19 07:28:00,2025-03-21 07:28:00,0.9646
399,3861,2025-01-22 12:22:00,2025-01-26 12:22:00,0.8016
400,3107,2025-02-21 18:47:00,2025-02-23 18:47:00,0.6935
